"","Estimated number of malaria deaths","Estimated number of malaria deaths","Estimated number of malaria deaths","Estimated number of malaria deaths","Estimated number of malaria deaths","Estimated number of malaria deaths","Estimated number of malaria deaths","Estimated number of malaria deaths","Estimated number of malaria deaths","Estimated number of malaria deaths","Estimated number of malaria deaths","Estimated number of malaria deaths","Estimated number of malaria deaths","Estimated number of malaria deaths","Estimated number of malaria deaths","Estimated number of malaria deaths","Estimated number of malaria deaths","Estimated number of malaria deaths","Estimated number of malaria deaths","Estimated number of malaria deaths","Estimated number of malaria deaths","Estimated number of malaria deaths"
"Countries, territories and areas"," 2021"," 2020"," 2019"," 2018"," 2017"," 2016"," 2015"," 2014"," 2013"," 2012"," 2011"," 2010"," 2009"," 2008"," 2007"," 2006"," 2005"," 2004"," 2003"," 2002"," 2001"," 2000"
"Afghanistan","91 [41-150]","110 [45-190]","170 [67-300]","292 [130-490]","378 [160-640]","351 [150-610]","174 [74-320]","152 [66-270]","129 [46-250]","92 [31-190]","192 [74-360]","165 [67-320]","139 [53-280]","198 [72-410]","236 [88-490]","222 [84-450]","259 [100-510]","350 [150-660]","798 [370-1 440]","1 133 [530-2 040]","965 [400-1 880]","965 [410-1 880]"
"Algeria","0","0","0","0","0","0","0","0","0","0","0","1","0","0","0","0","0","0","0","0","1","2"
"Angola","17 836 [11 400-29 800]","14 853 [9 990-23 700]","13 897 [9 630-21 300]","13 624 [9 520-20 500]","14 080 [9 740-21 000]","13 553 [9 510-19 800]","12 675 [9 100-18 000]","11 659 [8 610-16 000]","11 470 [8 650-15 400]","11 463 [8 800-15 000]","11 773 [9 210-15 100]","12 352 [9 870-15 500]","13 168 [10 700-16 200]","15 179 [12 600-18 400]","18 172 [15 200-21 700]","20 340 [17 400-23 900]","21 628 [18 800-24 900]","22 190 [19 500-25 200]","22 162 [19 700-25 000]","21 992 [19 600-24 700]","23 856 [21 300-26 700]","23 478 [21 100-26 200]"
"Argentina","0","0","0","0","0","0","0","0","0","0","0","0","0","0","0","0","0","0","1","0","0","0"
"Armenia","0","0","0","0","0","0","0","0","0","0","0","0","0","0","0","0","0","0","0","0","0","0"
"Azerbaijan","0","0","0","0","0","0","0","0","0","0","0","0","0","0","0","0","0","0","0","0","0","0"
"Bangladesh","16 [7-27]","15 [7-25]","47 [22-77]","26 [12-42]","73 [34-110]","72 [33-110]","105 [49-170]","160 [74-250]","77 [35-120]","85 [39-140]","155 [71-250]","166 [76-270]","187 [85-300]","264 [120-440]","263 [110-480]","139 [55-260]","216 [67-440]","213 [66-430]","210 [65-420]","206 [63-410]","203 [63-400]","199 [61-400]"
"Belize","0","0","0","0","0","0","0","0","0","0","0","0","0","0","0","1","0","1","0","0","0","0"
"Benin","11 154 [8 590-14 400]","10 585 [8 870-12 700]","10 454 [9 160-11 900]","10 428 [9 320-11 700]","10 854 [9 790-12 000]","11 849 [10 700-13 000]","11 546 [10 500-12 600]","10 522 [9 680-11 400]","9 973 [9 210-10 800]","8 942 [8 290-9 640]","8 429 [7 840-9 060]","8 694 [8 110-9 320]","9 491 [8 870-10 100]","10 790 [10 100-11 500]","12 342 [11 600-13 100]","13 078 [12 300-13 900]","12 180 [11 500-12 900]","11 134 [10 500-11 800]","9 748 [9 200-10 300]","8 693 [8 220-9 200]","7 662 [7 250-8 100]","7 420 [7 030-7 840]"
"Bhutan","0","0","0","0","0","0","0","0","0","1","1","2","4","2","2","7","5","7","14","11","14","15"
"Bolivia (Plurinational State of)","5 [1-10]","6 [2-11]","4 [1-8]","2 [0-4]","2 [0-4]","2 [0-5]","3 [1-6]","4 [1-8]","6 [3-11]","4 [1-7]","4 [1-7]","10 [4-16]","6 [2-10]","6 [3-11]","11 [5-19]","14 [6-23]","12 [5-21]","9 [3-15]","12 [5-21]","9 [3-15]","9 [4-18]","24 [11-41]"
"Botswana","2 [1-4]","4 [1-8]","0 [0-1]","2 [0-3]","7 [3-13]","2 [1-4]","1 [0-2]","5 [2-9]","1 [0-3]","0 [0-1]","1 [0-3]","5 [2-12]","6 [2-15]","6 [2-15]","3 [0-9]","12 [5-24]","3 [1-8]","3 [0-10]","4 [1-13]","9 [3-21]","19 [7-44]","49 [20-100]"
"Brazil","58","51","37","56","34","35","35","36","40","60","70","76","85","68","93","110","123","102","104","95","142","245"
"Burkina Faso","18 976 [13 400-28 000]","21 402 [14 300-33 100]","19 228 [14 700-25 900]","18 482 [14 500-24 100]","20 228 [16 200-25 500]","20 625 [16 900-25 200]","21 940 [18 400-26 200]","23 619 [20 200-27 600]","27 175 [23 800-31 100]","28 346 [25 200-31 900]","34 912 [31 400-38 700]","36 142 [32 800-39 700]","31 446 [28 800-34 300]","35 534 [32 800-38 500]","32 545 [30 100-35 100]","31 512 [29 300-33 900]","32 505 [30 300-34 900]","35 229 [32 900-37 800]","37 642 [35 200-40 300]","38 905 [36 500-41 600]","40 660 [38 200-43 400]","37 845 [35 600-40 300]"
"Burundi","5 957 [4 700-8 240]","5 792 [4 640-7 810]","5 315 [4 600-6 420]","5 299 [4 600-6 320]","6 125 [5 230-7 390]","5 851 [5 090-6 890]","5 198 [4 650-5 910]","4 990 [4 530-5 560]","4 899 [4 500-5 390]","5 048 [4 660-5 510]","5 187 [4 810-5 630]","5 470 [5 080-5 930]","5 530 [5 140-5 970]","5 529 [5 160-5 960]","5 512 [5 150-5 920]","5 699 [5 320-6 130]","6 117 [5 700-6 600]","7 064 [6 550-7 650]","8 268 [7 660-8 970]","9 186 [8 500-9 970]","10 469 [9 690-11 400]","11 340 [10 500-12 300]"
"Cote d'Ivoire","14 906 [11 400-19 500]","15 110 [11 800-19 300]","14 918 [12 300-18 100]","15 035 [12 600-17 800]","18 079 [15 400-21 100]","16 874 [14 600-19 400]","14 009 [12 300-15 900]","12 233 [10 900-13 700]","13 315 [12 000-14 800]","16 621 [15 000-18 400]","22 772 [20 700-25 100]","27 301 [24 900-29 900]","30 583 [28 000-33 300]","30 883 [28 400-33 500]","31 806 [29 400-34 500]","31 237 [28 900-33 700]","31 615 [29 400-34 100]","32 711 [30 400-35 200]","34 284 [32 000-36 900]","34 372 [32 100-36 900]","33 888 [31 600-36 300]","32 078 [30 000-34 400]"
"Cabo Verde","0","0","0","0","2","1","0","1","0","0","1","1","2","2","2","8","2","4","4","2","0","0"
"Cambodia","10 [4-16]","27 [13-42]","102 [52-160]","265 [140-400]","336 [160-520]","204 [100-320]","374 [180-590]","399 [200-630]","231 [120-360]","383 [190-600]","641 [310-1 000]","644 [310-1 040]","853 [400-1 430]","497 [220-880]","394 [180-710]","897 [410-1 530]","705 [350-1 120]","894 [420-1 470]","1 062 [480-1 780]","803 [350-1 400]","904 [390-1 580]","1 582 [640-2 970]"
"Cameroon","13 839 [11 200-17 300]","14 505 [11 900-17 900]","12 792 [11 300-14 600]","12 898 [11 500-14 500]","13 736 [12 400-15 200]","13 698 [12 600-15 000]","12 932 [12 000-14 000]","12 438 [11 600-13 400]","12 197 [11 400-13 100]","12 056 [11 200-12 900]","12 048 [11 300-12 900]","13 110 [12 200-14 000]","14 198 [13 300-15 200]","15 635 [14 600-16 700]","17 798 [16 600-19 100]","19 474 [18 200-20 900]","19 704 [18 400-21 100]","19 026 [17 800-20 400]","17 958 [16 800-19 200]","17 289 [16 200-18 400]","15 962 [15 000-17 000]","16 029 [15 100-17 000]"
"Central African Republic","5 151 [3 120-9 270]","5 130 [3 180-8 970]","5 096 [3 260-8 570]","5 397 [3 520-8 770]","5 533 [3 680-8 740]","5 763 [3 940-8 860]","6 174 [4 320-9 160]","6 684 [4 800-9 590]","6 813 [5 050-9 450]","7 343 [5 590-9 840]","7 279 [5 710-9 470]","8 125 [6 540-10 300]","8 749 [7 220-10 900]","9 181 [7 710-11 200]","9 890 [8 410-11 800]","10 017 [8 630-11 800]","9 367 [8 170-10 800]","8 777 [7 750-10 000]","8 391 [7 470-9 480]","7 862 [7 040-8 820]","7 709 [6 920-8 580]","7 525 [6 780-8 340]"
"Chad","11 744 [9 320-15 400]","12 190 [9 580-16 000]","11 621 [9 670-14 300]","11 502 [9 750-13 800]","11 657 [10 000-13 700]","11 414 [9 960-13 100]","11 141 [9 870-12 600]","11 106 [9 930-12 400]","11 132 [10 100-12 300]","11 291 [10 300-12 400]","11 519 [10 600-12 600]","11 796 [10 900-12 800]","11 421 [10 600-12 400]","10 874 [10 100-11 700]","10 446 [9 750-11 200]","9 994 [9 360-10 700]","9 428 [8 840-10 100]","8 964 [8 420-9 570]","8 876 [8 350-9 460]","8 615 [8 120-9 180]","9 069 [8 550-9 670]","8 426 [7 950-8 970]"
"China","0","0","0","0","0","0","0","0","0","0","33","19","12","23","18","38","48","31","52","42","30","39"
"Colombia","11","5","3","9","19","36","18","17","10","24","23","42","28","54","68","77","87","126","118","162","168","124"
"Comoros","26 [12-41]","11 [5-17]","45 [21-69]","38 [17-59]","8 [3-12]","2 [1-4]","3 [1-5]","5 [2-8]","135 [63-210]","125 [58-190]","62 [28-96]","92 [42-140]","89 [30-180]","89 [31-180]","89 [31-180]","89 [31-180]","89 [31-180]","89 [31-180]","89 [31-180]","89 [31-180]","89 [30-180]","89 [31-180]"
"Congo","2 293 [1 980-2 900]","2 279 [1 970-2 850]","2 360 [2 020-2 930]","2 227 [1 940-2 680]","2 215 [1 940-2 640]","2 158 [1 910-2 530]","2 024 [1 820-2 300]","2 147 [1 920-2 430]","2 119 [1 920-2 340]","2 001 [1 850-2 160]","1 970 [1 850-2 100]","1 931 [1 830-2 040]","1 898 [1 810-2 000]","1 928 [1 840-2 040]","2 065 [1 960-2 180]","2 225 [2 100-2 360]","2 386 [2 250-2 540]","2 416 [2 280-2 580]","2 513 [2 370-2 680]","2 526 [2 380-2 700]","2 790 [2 610-3 000]","2 879 [2 690-3 100]"
"Costa Rica","0","0","0","0","0","0","0","0","0","0","0","0","1","0","0","0","0","0","0","0","0","0"
"Democratic People's Republic of Korea","0","0","0","0","0","0","0","0","0","0","0","0","0","0","0","0","0","0","0","0","0","0"
"Democratic Republic of the Congo","78 847 [50 600-126 000]","78 709 [52 200-120 000]","65 353 [45 400-94 500]","65 576 [46 800-92 200]","67 810 [49 500-92 300]","63 972 [47 900-84 500]","58 166 [44 700-74 400]","56 824 [44 600-70 900]","59 282 [47 600-72 500]","67 514 [55 200-81 000]","79 872 [66 400-94 300]","91 816 [77 700-107 000]","101 411 [87 500-117 000]","106 675 [93 400-121 000]","111 540 [99 100-125 000]","115 483 [104 000-129 000]","112 726 [102 000-125 000]","112 038 [102 000-124 000]","105 477 [96 100-116 000]","101 615 [92 900-112 000]","100 200 [91 700-110 000]","100 495 [92 100-110 000]"
"Djibouti","117 [57-180]","126 [63-190]","97 [47-140]","43 [21-65]","25 [12-38]","30 [14-46]","24 [11-37]","24 [11-37]","4 [2-6]","5 [2-10]","5 [2-10]","2 [1-3]","6 [3-10]","5 [2-9]","5 [1-9]","5 [1-9]","4 [1-9]","4 [1-9]","4 [1-8]","4 [1-8]","4 [1-8]","4 [1-8]"
"Dominican Republic","1","2","4","1","1","1","3","4","5","8","10","15","14","11","17","10","16","16","12","11","17","6"
"Ecuador","0","3","0","0","0","0","0","0","0","0","0","0","6","5","8","9","22","37","46","64","84","66"
"El Salvador","0","0","0","0","0","0","0","0","0","0","0","0","0","0","0","0","0","0","0","0","0","0"
"Equatorial Guinea","785 [610-1 120]","766 [600-1 060]","726 [590-960]","724 [590-940]","756 [610-980]","740 [600-930]","803 [650-1 010]","904 [730-1 130]","873 [720-1 060]","786 [660-940]","731 [630-850]","712 [620-820]","610 [540-690]","648 [580-730]","698 [620-780]","752 [680-840]","772 [700-860]","766 [700-850]","739 [680-820]","716 [660-790]","712 [660-780]","715 [660-780]"
"Eritrea","211 [83-390]","372 [150-690]","437 [170-820]","196 [79-360]","221 [90-400]","198 [71-400]","128 [51-240]","227 [91-420]","88 [36-160]","85 [35-160]","141 [57-260]","161 [66-290]","41 [17-73]","37 [15-70]","60 [25-110]","36 [14-69]","59 [22-120]","32 [11-70]","112 [35-240]","74 [20-170]","130 [35-310]","98 [24-250]"
"Eswatini","0 [0-1]","0","0","1 [0-2]","1 [0-1]","0","0 [0-1]","0 [0-1]","1 [0-2]","1 [0-1]","0 [0-1]","0 [0-1]","0","0","0","0","0 [0-1]","1 [0-2]","0 [0-1]","1 [0-2]","3 [1-5]","2 [0-5]"
"Ethiopia","8 041 [2 920-15 800]","9 424 [3 410-18 500]","5 708 [2 060-11 100]","6 500 [2 330-12 800]","12 460 [3 420-30 400]","16 302 [3 750-40 600]","22 125 [4 560-54 000]","23 862 [4 680-58 100]","27 024 [9 410-51 000]","20 863 [8 010-45 200]","17 276 [6 380-43 700]","19 144 [5 200-57 400]","16 218 [4 440-49 500]","11 109 [3 430-32 000]","12 705 [3 410-41 200]","15 221 [4 200-47 500]","16 956 [4 990-51 500]","23 844 [6 820-72 600]","22 799 [6 520-50 200]","21 590 [4 730-47 000]","23 352 [4 980-52 600]","25 208 [10 300-47 700]"
"Gabon","384 [320-500]","385 [320-490]","384 [330-470]","387 [330-470]","383 [330-460]","387 [340-460]","407 [350-480]","403 [350-470]","378 [340-430]","332 [300-370]","300 [280-330]","269 [250-290]","243 [230-260]","226 [220-240]","213 [200-220]","214 [200-220]","218 [210-230]","218 [210-230]","243 [230-260]","276 [260-300]","292 [270-320]","365 [340-400]"
"Gambia","615 [580-660]","608 [580-650]","601 [570-640]","596 [570-630]","577 [550-600]","562 [540-590]","557 [540-580]","551 [530-570]","541 [520-560]","536 [520-560]","528 [510-550]","518 [500-540]","496 [480-510]","492 [480-510]","488 [470-510]","487 [470-510]","488 [470-510]","498 [480-520]","517 [500-540]","542 [520-570]","584 [560-610]","632 [600-660]"
"Georgia","0","0","0","0","0","0","0","0","0","0","0","0","0","0","0","0","0","0","0","0","0","0"
"Ghana","12 557 [11 600-14 000]","12 516 [11 600-13 800]","12 324 [11 600-13 200]","12 227 [11 600-13 000]","11 839 [11 300-12 500]","12 174 [11 700-12 800]","13 459 [12 900-14 100]","14 869 [14 200-15 600]","16 352 [15 600-17 100]","17 076 [16 300-17 900]","17 663 [16 900-18 500]","16 496 [15 800-17 200]","16 413 [15 800-17 100]","15 430 [14 900-16 000]","15 139 [14 600-15 700]","15 682 [15 100-16 300]","15 430 [14 900-16 000]","15 838 [15 300-16 400]","16 714 [16 100-17 400]","16 996 [16 400-17 700]","18 294 [17 600-19 000]","18 647 [17 900-19 400]"
"Guatemala","0","0","0 [0-1]","1 [0-2]","1 [0-3]","2 [0-3]","2 [0-4]","2 [0-3]","2 [0-4]","2 [0-3]","2 [1-5]","3 [1-6]","3 [1-5]","3 [1-5]","6 [2-11]","15 [6-25]","20 [8-32]","14 [6-23]","16 [7-26]","20 [9-32]","18 [7-30]","27 [11-45]"
"Guinea","9 439 [8 010-11 300]","9 954 [8 210-12 300]","8 611 [7 610-9 870]","8 500 [7 590-9 630]","9 277 [8 330-10 400]","9 742 [8 810-10 800]","10 530 [9 580-11 700]","11 602 [10 600-12 800]","12 537 [11 500-13 700]","13 731 [12 700-14 900]","13 865 [12 900-15 000]","13 305 [12 400-14 400]","12 366 [11 500-13 300]","10 773 [10 100-11 500]","9 941 [9 300-10 600]","9 681 [9 070-10 300]","9 906 [9 290-10 600]","10 996 [10 300-11 700]","12 852 [12 100-13 700]","14 464 [13 600-15 400]","15 929 [15 000-16 900]","16 416 [15 500-17 400]"
"Guinea-Bissau","1 029 [820-1 400]","969 [770-1 310]","875 [750-1 060]","880 [760-1 060]","829 [720-980]","817 [720-950]","772 [690-880]","800 [710-910]","815 [730-920]","827 [740-930]","844 [760-940]","839 [770-920]","811 [750-880]","774 [720-840]","756 [710-810]","756 [710-810]","775 [730-830]","766 [720-820]","855 [800-910]","1 324 [1 230-1 440]","1 814 [1 680-1 980]","2 296 [2 120-2 510]"
"Guyana","27 [14-43]","28 [14-44]","30 [15-47]","39 [18-67]","34 [16-58]","25 [11-43]","22 [10-38]","27 [13-48]","90 [41-160]","76 [36-120]","72 [33-120]","52 [24-83]","28 [13-45]","23 [11-37]","20 [9-31]","40 [19-62]","69 [34-110]","51 [25-83]","53 [26-86]","42 [21-69]","52 [25-85]","50 [23-80]"
"Haiti","57 [22-110]","104 [40-190]","45 [18-82]","40 [16-75]","84 [34-160]","92 [36-170]","82 [32-150]","84 [33-160]","160 [62-310]","167 [65-330]","208 [79-410]","217 [81-440]","215 [80-440]","229 [87-460]","187 [70-380]","207 [78-410]","201 [74-400]","198 [74-400]","194 [72-400]","191 [69-380]","188 [69-380]","184 [68-370]"
"Honduras","2 [1-4]","0 [0-1]","0","0","0 [0-1]","5 [2-8]","4 [1-6]","3 [1-5]","5 [2-9]","4 [1-7]","5 [2-8]","7 [3-12]","8 [3-14]","6 [2-9]","7 [3-13]","8 [3-14]","11 [4-20]","12 [4-20]","9 [3-16]","11 [4-19]","15 [6-27]","23 [9-41]"
"India","7 450 [3 270-13 100]","7 316 [3 170-12 900]","7 704 [3 530-13 300]","9 630 [4 430-16 800]","16 285 [7 480-28 500]","22 399 [10 100-39 900]","21 702 [9 930-37 200]","20 130 [9 350-34 600]","16 683 [7 840-28 500]","20 485 [9 590-34 800]","25 663 [12 000-44 400]","30 654 [14 500-53 200]","32 038 [14 500-56 900]","29 850 [13 800-52 100]","27 709 [13 100-47 600]","27 819 [13 200-47 500]","32 539 [15 500-54 000]","31 229 [15 100-51 000]","27 816 [13 600-45 700]","27 176 [13 200-44 900]","28 669 [13 900-46 800]","29 561 [14 300-48 400]"
"Indonesia","1 412 [700-2 160]","1 415 [700-2 170]","1 395 [690-2 140]","1 142 [570-1 730]","1 306 [650-1 990]","1 893 [950-2 900]","1 651 [830-2 530]","1 895 [960-2 900]","2 446 [1 230-3 750]","2 837 [1 440-4 360]","2 875 [1 450-4 410]","3 209 [1 630-4 900]","1 744 [840-2 920]","1 723 [820-2 900]","1 701 [810-2 870]","1 957 [1 010-2 980]","1 647 [840-2 510]","1 367 [710-2 060]","1 615 [770-2 720]","1 593 [760-2 700]","1 572 [760-2 650]","1 550 [750-2 610]"
"Iran (Islamic Republic of)","0","0","0","0","0","0","0","0","0","0","0","0","0","3","3","1","1","1","5","2","2","4"
"Iraq","0","0","0","0","0","0","0","0","0","0","0","0","0","0","0","0","0","0","0","0","0","0"
"Kazakhstan","0","0","0","0","0 [0-0]","0 [0-0]","0 [0-0]","0","0","0","0","0","0","0","0","0","0","0","0","0","0","0"
"Kenya","12 011 [10 800-14 000]","11 768 [10 600-13 600]","11 298 [10 600-12 400]","11 218 [10 500-12 200]","11 223 [10 600-12 100]","10 733 [10 200-11 400]","10 351 [9 930-10 900]","10 182 [9 810-10 600]","10 058 [9 720-10 400]","10 037 [9 720-10 400]","10 074 [9 760-10 400]","9 788 [9 500-10 100]","9 618 [9 340-9 920]","9 479 [9 200-9 770]","9 541 [9 240-9 850]","9 562 [9 250-9 880]","10 098 [9 750-10 500]","11 285 [10 900-11 700]","12 595 [12 100-13 200]","12 989 [12 500-13 600]","13 118 [12 600-13 700]","11 376 [11 000-11 900]"
"Kyrgyzstan","0","0","0","0","0","0","0","0","0","0","0","0","0","0","0","0","0","0","0","0","0","0"
"Lao People's Democratic Republic","6 [2-11]","7 [3-12]","11 [5-19]","23 [10-41]","21 [9-36]","32 [15-55]","80 [38-140]","134 [61-230]","125 [55-220]","174 [74-310]","73 [30-130]","109 [45-200]","120 [49-220]","104 [42-200]","115 [46-220]","123 [47-240]","86 [34-160]","100 [40-180]","110 [46-200]","124 [52-220]","152 [66-260]","221 [98-370]"
"Liberia","3 578 [2 690-4 960]","3 931 [2 820-5 620]","3 390 [2 880-4 100]","3 419 [2 960-4 030]","4 046 [3 540-4 690]","3 789 [3 380-4 300]","3 070 [2 790-3 400]","3 315 [3 040-3 640]","2 916 [2 700-3 170]","2 760 [2 570-2 980]","2 813 [2 630-3 020]","2 871 [2 680-3 080]","3 305 [3 090-3 540]","3 525 [3 300-3 770]","3 522 [3 300-3 760]","3 675 [3 440-3 920]","4 062 [3 810-4 330]","4 688 [4 400-5 000]","5 596 [5 240-5 970]","6 352 [5 950-6 780]","6 369 [5 970-6 800]","6 426 [6 020-6 860]"
"Madagascar","12 571 [4 890-23 400]","10 265 [4 050-18 800]","5 026 [2 050-9 120]","4 750 [1 960-8 550]","4 873 [2 060-8 610]","3 482 [1 480-6 050]","5 800 [2 480-10 200]","2 665 [1 130-4 720]","3 701 [1 470-7 170]","3 941 [1 520-7 730]","2 035 [770-3 850]","2 208 [820-4 460]","2 182 [840-4 350]","1 160 [430-2 410]","1 092 [260-2 560]","1 647 [71-4 300]","1 638 [64-4 310]","2 062 [93-5 350]","2 917 [76-7 880]","2 221 [69-5 890]","2 747 [290-6 900]","2 239 [190-5 830]"
"Malawi","7 392 [6 310-9 230]","7 400 [6 300-9 200]","7 061 [6 260-8 160]","7 021 [6 280-7 990]","7 024 [6 350-7 850]","6 954 [6 370-7 630]","7 023 [6 520-7 600]","7 365 [6 930-7 870]","7 925 [7 530-8 390]","9 015 [8 580-9 520]","9 906 [9 400-10 500]","10 817 [10 200-11 500]","11 492 [10 900-12 200]","11 588 [11 000-12 200]","11 175 [10 700-11 700]","10 424 [9 970-10 900]","10 078 [9 620-10 600]","10 600 [10 100-11 100]","12 078 [11 500-12 600]","14 390 [13 700-15 100]","16 919 [16 100-17 800]","18 170 [17 300-19 100]"
"Malaysia","0","0","0","0","1","2","4","4","10","11","11","13","23","20","15","21","33","35","21","38","46","35"
"Mali","19 933 [14 600-27 400]","20 662 [15 100-28 000]","18 630 [15 300-22 600]","18 423 [15 500-21 800]","15 442 [13 300-17 900]","14 736 [12 900-16 800]","17 783 [15 800-20 000]","22 863 [20 500-25 400]","25 545 [23 200-28 100]","23 944 [21 900-26 200]","20 247 [18 700-22 000]","17 356 [16 100-18 700]","17 172 [16 000-18 400]","19 237 [18 000-20 600]","21 774 [20 400-23 200]","23 397 [22 000-24 900]","23 776 [22 400-25 300]","22 551 [21 300-23 900]","21 913 [20 700-23 200]","22 339 [21 100-23 700]","22 250 [21 000-23 600]","24 739 [23 400-26 200]"
"Mauritania","1 144 [980-1 500]","1 129 [970-1 460]","1 114 [950-1 440]","1 085 [930-1 380]","1 069 [920-1 340]","1 049 [910-1 310]","1 032 [890-1 280]","996 [870-1 210]","953 [840-1 130]","939 [840-1 100]","902 [810-1 040]","869 [790-990]","874 [790-990]","867 [790-970]","863 [790-960]","874 [800-960]","880 [820-960]","845 [790-910]","877 [820-940]","880 [830-940]","900 [850-950]","937 [890-990]"
"Mauritius","0","","","","","","","","","","","","","","","","","","","","",""
"Mayotte","","","0 [0-0]","0 [0-0]","0 [0-0]","0 [0-0]","0 [0-0]","0 [0-0]","0 [0-0]","0 [0-0]","0 [0-0]","1 [0-2]","0 [0-1]","1 [0-4]","1 [0-4]","1 [0-5]","2 [0-8]","4 [0-13]","4 [0-14]","","",""
"Mexico","0","0","0","0","0","0","0","0","0","0","0","0","0","0","0","0","0","0","0","0","0","0"
"Morocco","0","0","0","0","0","0","0","0","0","0","0","0","0","0","0","0","0","0","0","0","0","0"
"Mozambique","22 291 [13 900-37 800]","23 693 [14 700-40 300]","19 156 [14 500-26 700]","19 200 [14 900-25 900]","21 403 [17 000-28 100]","22 857 [18 600-29 200]","23 519 [19 600-29 000]","24 756 [21 000-29 700]","25 425 [22 100-29 500]","25 176 [22 400-28 500]","25 686 [23 300-28 500]","26 140 [24 000-28 600]","25 990 [24 000-28 200]","25 587 [23 600-27 700]","26 006 [24 000-28 100]","27 304 [25 200-29 500]","27 220 [25 100-29 400]","31 912 [29 500-34 500]","36 977 [34 200-39 900]","40 972 [38 000-44 200]","44 168 [41 000-47 600]","44 699 [41 500-48 100]"
"Myanmar","231 [98-990]","77 [39-120]","97 [48-160]","164 [79-270]","209 [99-340]","274 [130-440]","481 [230-790]","729 [320-1 310]","1 169 [530-2 090]","3 412 [1 520-6 310]","3 214 [1 440-5 580]","3 623 [1 580-6 490]","3 023 [1 380-5 410]","3 222 [1 460-5 890]","2 560 [1 160-4 660]","2 041 [870-3 870]","2 874 [1 280-5 320]","2 851 [1 230-5 240]","2 826 [1 210-5 240]","2 799 [1 220-5 190]","2 771 [1 210-5 100]","2 742 [1 190-5 050]"
"Namibia","54 [23-92]","51 [22-87]","14 [6-26]","128 [56-220]","228 [100-380]","82 [36-140]","38 [17-65]","65 [28-110]","20 [8-33]","13 [3-32]","7 [3-15]","6 [1-19]","15 [1-53]","30 [2-97]","52 [11-150]","174 [66-350]","167 [57-370]","270 [89-630]","172 [48-430]","180 [56-420]","263 [93-580]","198 [56-470]"
"Nepal","0","0","0","1 [0-2]","0 [0-1]","2 [0-4]","2 [0-6]","3 [0-7]","6 [2-13]","13 [5-31]","16 [5-39]","27 [9-64]","21 [7-55]","25 [7-66]","39 [12-96]","32 [9-85]","26 [7-69]","24 [7-61]","46 [15-110]","62 [23-130]","28 [7-70]","25 [9-49]"
"Nicaragua","0","0","1","3","1","2","1","0","0","2","1","1","0","0","0","1","6","1","7","8","2","4"
"Niger","24 997 [15 300-42 700]","24 068 [15 400-39 200]","22 568 [15 300-34 200]","22 047 [15 400-32 200]","23 815 [17 100-33 400]","26 110 [19 300-35 500]","26 184 [19 900-34 500]","27 969 [21 900-35 700]","28 864 [23 200-35 800]","28 977 [24 000-34 700]","28 225 [24 000-33 000]","26 471 [23 100-30 300]","23 951 [21 300-26 900]","21 260 [19 200-23 500]","20 076 [18 400-21 900]","19 349 [17 800-21 000]","20 011 [18 500-21 600]","17 876 [16 600-19 300]","19 133 [17 800-20 600]","21 344 [19 900-23 000]","23 238 [21 600-25 000]","26 182 [24 400-28 100]"
"Nigeria","193 512 [146 000-268 000]","195 720 [151 000-263 000]","187 428 [152 000-239 000]","186 940 [156 000-231 000]","176 539 [150 000-212 000]","165 672 [143 000-195 000]","163 088 [143 000-188 000]","165 188 [147 000-186 000]","168 943 [152 000-188 000]","173 344 [158 000-191 000]","184 121 [169 000-200 000]","197 612 [183 000-214 000]","210 275 [196 000-226 000]","221 435 [207 000-237 000]","229 178 [215 000-244 000]","232 391 [218 000-247 000]","230 350 [217 000-244 000]","226 548 [213 000-240 000]","226 442 [213 000-240 000]","230 464 [218 000-244 000]","242 479 [229 000-256 000]","249 259 [236 000-263 000]"
"Oman","0","0","0","0","0","0","0","0","0","0","0","0","0","0","0","0","0","0","0","0","0","0"
"Pakistan","460 [230-760]","454 [230-740]","544 [280-890]","511 [250-860]","641 [320-1 180]","844 [400-1 670]","765 [310-1 790]","725 [290-1 530]","1 165 [460-2 560]","1 703 [620-3 940]","1 814 [680-4 070]","1 616 [570-3 880]","1 000 [340-2 500]","679 [190-1 880]","879 [280-2 420]","882 [290-2 320]","923 [310-2 500]","643 [270-1 440]","991 [320-2 670]","1 001 [280-2 770]","1 144 [370-2 990]","989 [290-2 630]"
"Panama","0","0","0","0","0","0","0","0","0","1","0","1","0","1","1","1","1","2","4","2","1","1"
"Papua New Guinea","2 449 [1 040-4 340]","2 962 [1 260-5 310]","2 250 [960-3 970]","2 571 [1 070-4 710]","2 510 [1 040-4 570]","2 568 [1 070-4 600]","1 860 [780-3 410]","3 142 [1 240-6 110]","3 452 [1 270-6 740]","2 739 [720-6 420]","2 032 [560-4 430]","2 354 [670-5 120]","3 378 [980-7 180]","2 508 [620-5 510]","2 692 [680-5 850]","2 924 [810-6 280]","2 796 [710-6 060]","3 517 [960-7 610]","2 816 [690-6 210]","2 635 [620-5 730]","3 075 [850-6 550]","3 142 [810-6 990]"
"Paraguay","0","0","0","0","0","0","0","0","0","0","0","0","0","0","0","0","0","0","0","0","0","0"
"Peru","17 [9-28]","23 [11-41]","35 [17-61]","48 [24-75]","64 [32-100]","69 [35-110]","70 [36-110]","60 [30-94]","45 [23-71]","24 [11-38]","19 [9-30]","20 [9-31]","31 [15-48]","34 [17-53]","43 [21-68]","52 [25-80]","80 [41-120]","98 [51-150]","95 [49-150]","108 [55-170]","89 [45-140]","106 [51-170]"
"Philippines","22 [9-40]","33 [14-61]","31 [13-56]","25 [10-46]","36 [15-66]","38 [16-70]","63 [26-110]","29 [13-53]","36 [15-63]","35 [15-61]","47 [20-83]","113 [48-200]","116 [49-210]","144 [59-260]","218 [91-390]","203 [87-360]","167 [73-290]","233 [100-410]","257 [110-450]","180 [77-320]","143 [62-250]","204 [88-350]"
"Republic of Korea","0","0","0","0","0","0","0","0","0","0","2","1","1","0","1","0","0","0","0","0","0","0"
"Rwanda","3 258 [3 050-3 630]","3 205 [3 010-3 530]","3 143 [2 970-3 400]","3 093 [2 940-3 310]","3 086 [2 950-3 270]","3 027 [2 910-3 180]","2 948 [2 850-3 070]","2 904 [2 820-3 010]","2 894 [2 810-3 000]","2 903 [2 820-3 000]","2 936 [2 850-3 030]","2 982 [2 900-3 080]","2 956 [2 880-3 040]","2 984 [2 900-3 070]","3 031 [2 950-3 120]","3 129 [3 040-3 230]","3 334 [3 230-3 450]","3 718 [3 600-3 850]","4 393 [4 230-4 570]","5 320 [5 100-5 560]","6 459 [6 180-6 760]","6 769 [6 480-7 080]"
"Sao Tome and Principe","1","0","0","0","1","1","0","0","11","7","19","14","23","16","3","26","85","169","193","321","248","254"
"Saudi Arabia","0","0","0","0","0","0","0","0","0","0","0","0","0","0","0","0","0","0","0","0","0","0"
"Senegal","4 375 [4 160-4 680]","4 311 [4 110-4 580]","4 251 [4 070-4 490]","4 192 [4 040-4 390]","3 987 [3 870-4 130]","3 904 [3 810-4 020]","3 910 [3 820-4 010]","3 857 [3 780-3 940]","3 741 [3 670-3 820]","3 712 [3 640-3 790]","3 799 [3 720-3 880]","3 833 [3 750-3 920]","3 847 [3 760-3 940]","3 862 [3 770-3 950]","3 850 [3 760-3 940]","3 926 [3 830-4 020]","4 056 [3 950-4 160]","4 435 [4 310-4 560]","4 867 [4 720-5 020]","4 753 [4 610-4 900]","5 796 [5 590-6 010]","6 114 [5 890-6 350]"
"Sierra Leone","8 314 [5 940-11 400]","9 020 [6 260-12 600]","7 236 [6 330-8 300]","7 408 [6 550-8 370]","8 760 [7 830-9 790]","9 659 [8 720-10 700]","10 884 [9 940-12 000]","11 317 [10 400-12 400]","13 009 [12 000-14 100]","14 021 [13 000-15 100]","15 008 [14 000-16 100]","15 377 [14 400-16 500]","14 159 [13 300-15 100]","12 713 [11 900-13 600]","11 216 [10 500-12 000]","10 844 [10 200-11 600]","11 356 [10 700-12 100]","12 513 [11 800-13 300]","13 061 [12 300-13 900]","13 834 [13 000-14 700]","13 847 [13 000-14 700]","12 666 [11 900-13 500]"
"Solomon Islands","162 [83-260]","123 [63-190]","158 [79-270]","109 [55-170]","134 [66-230]","103 [51-160]","57 [28-92]","56 [26-93]","83 [39-150]","89 [41-160]","108 [48-200]","163 [73-300]","142 [63-260]","182 [80-330]","310 [140-560]","549 [210-1 120]","547 [210-1 100]","652 [250-1 300]","456 [200-830]","513 [200-1 010]","521 [200-1 040]","476 [180-950]"
"Somalia","2 506 [1 000-4 870]","2 372 [900-4 570]","2 311 [940-4 260]","2 198 [880-4 100]","2 100 [830-3 900]","2 051 [850-3 700]","1 989 [840-3 530]","1 628 [690-2 870]","1 352 [570-2 380]","1 109 [480-1 940]","1 073 [460-1 890]","1 280 [550-2 240]","1 143 [490-2 000]","1 811 [770-3 140]","2 796 [1 190-4 850]","3 263 [1 400-5 700]","3 565 [1 530-6 280]","3 187 [1 330-5 670]","3 247 [1 340-5 870]","3 164 [1 280-5 800]","3 285 [1 330-6 200]","3 013 [1 130-5 970]"
"South Africa","56","38","79","69","301","34","110","174","105","72","54","83","45","43","37","87","63","88","142","96","81","424"
"South Sudan","7 344 [4 200-13 600]","7 290 [4 340-12 800]","7 095 [4 380-11 900]","6 869 [4 400-11 000]","7 134 [4 690-10 900]","6 890 [4 760-10 000]","6 542 [4 720-9 090]","6 232 [4 660-8 330]","5 925 [4 590-7 640]","5 840 [4 640-7 330]","5 900 [4 760-7 270]","6 108 [5 010-7 390]","6 387 [5 320-7 630]","6 687 [5 670-7 860]","6 861 [5 920-7 950]","7 226 [6 290-8 290]","7 547 [6 640-8 600]","8 090 [7 150-9 180]","8 771 [7 760-9 920]","9 420 [8 320-10 700]","10 504 [9 240-11 900]","10 974 [9 630-12 500]"
"Sri Lanka","0","0","0","0","0","0","0","0","0","0","0","0","0","0","1","1","0","1","4","30","52","77"
"Sudan","7 784 [2 680-16 800]","7 635 [2 690-16 400]","6 673 [2 240-14 400]","5 882 [1 930-12 800]","5 213 [1 810-11 300]","4 527 [1 700-9 060]","3 948 [1 620-7 300]","3 497 [1 510-6 230]","3 081 [1 330-5 320]","2 848 [1 240-4 830]","2 746 [1 190-4 700]","2 705 [1 180-4 680]","2 795 [1 210-4 780]","3 035 [1 290-5 340]","3 555 [1 460-6 560]","3 915 [1 560-7 430]","3 956 [1 600-7 510]","3 911 [1 560-7 430]","4 219 [1 640-8 020]","4 503 [1 790-8 580]","5 702 [2 300-10 600]","5 978 [2 480-10 900]"
"Suriname","0","0","0","0","1","0","0","1","1","0","1","1","0","0","1","1","1","7","18","15","23","24"
"Syrian Arab Republic","0","0","0","0","0","0","0","0","0","0","0","0","0","0","0","0","0","0","0","0","0","0"
"Turkiye","0","0","0","0","0","0","0","0","0","0","0","0","0","0","0","0","0","0","0","0","0","0"
"Tajikistan","0","0","0","0","0","0","0","0","0","0","0","0","0","0","0","0","0","0","0","0","0","0"
"Thailand","0","3","13","15","15","27","33","38","47","37","43","80","70","101","97","113","161","230","204","361","424","625"
"Timor-Leste","0","0","0","0","0","0","0","0 [0-1]","1 [0-2]","9 [4-15]","65 [30-110]","194 [85-330]","198 [83-350]","271 [120-480]","226 [100-390]","326 [140-590]","304 [130-530]","449 [180-810]","125 [60-200]","199 [86-350]","248 [64-680]","244 [64-680]"
"Togo","3 715 [3 090-4 650]","3 745 [3 160-4 570]","3 703 [3 220-4 310]","3 667 [3 240-4 180]","3 793 [3 390-4 260]","4 414 [3 960-4 920]","5 177 [4 670-5 730]","5 356 [4 870-5 880]","5 138 [4 720-5 600]","4 526 [4 190-4 890]","4 076 [3 800-4 380]","4 046 [3 780-4 330]","4 253 [3 990-4 540]","4 984 [4 670-5 330]","6 042 [5 660-6 470]","6 626 [6 210-7 080]","6 843 [6 420-7 300]","6 497 [6 100-6 920]","5 978 [5 630-6 360]","5 723 [5 400-6 080]","5 270 [4 980-5 590]","5 177 [4 900-5 490]"
"Turkmenistan","0","0","0","0","0","0","0","0","0","0","0","0","0","0","0","0","0","0","0","0","0","0"
"Uganda","19 663 [15 700-26 400]","20 279 [15 700-27 800]","17 282 [15 500-19 800]","17 114 [15 500-19 300]","20 560 [18 500-23 200]","18 494 [17 000-20 300]","15 704 [14 800-16 800]","15 148 [14 400-16 000]","15 938 [15 200-16 800]","19 568 [18 600-20 700]","23 606 [22 400-24 900]","26 913 [25 500-28 400]","28 832 [27 300-30 400]","26 929 [25 600-28 400]","24 542 [23 400-25 800]","25 409 [24 200-26 700]","29 135 [27 800-30 600]","37 670 [35 800-39 600]","43 827 [41 600-46 100]","48 487 [46 100-51 000]","51 069 [48 500-53 800]","44 688 [42 500-47 000]"
"United Arab Emirates","0","0","0","0","0","0","0","0","0","0","0","0","0","0","0","0","0","0","0","0","0","0"
"United Republic of Tanzania","25 787 [23 000-30 300]","25 464 [22 800-29 500]","24 699 [22 600-27 700]","24 278 [22 400-26 900]","23 852 [22 100-26 100]","23 689 [22 100-25 600]","22 917 [21 600-24 500]","22 378 [21 200-23 700]","21 744 [20 700-22 900]","20 879 [20 000-21 800]","21 356 [20 500-22 300]","21 764 [20 900-22 700]","21 981 [21 200-22 900]","22 293 [21 500-23 200]","22 751 [21 900-23 700]","24 055 [23 100-25 100]","25 833 [24 800-27 000]","28 232 [27 000-29 500]","31 635 [30 200-33 100]","34 901 [33 400-36 500]","40 009 [38 200-41 900]","42 579 [40 700-44 700]"
"Uzbekistan","0","0","0","0","0","0","0","0","0","0","0","0","0","0","0","0","0","0","0","0","0","0"
"Vanuatu","0","0","0","0","0","0","0","0","0","0","14 [6-24]","27 [12-48]","22 [8-47]","37 [12-170]","36 [13-170]","30 [13-57]","35 [15-64]","46 [21-78]","68 [29-130]","52 [23-96]","24 [11-45]","34 [13-67]"
"Venezuela (Bolivarian Republic of)","156 [80-240]","196 [100-300]","351 [180-530]","373 [190-570]","424 [220-640]","261 [140-400]","150 [77-230]","110 [57-170]","105 [54-160]","56 [29-86]","47 [24-71]","53 [27-84]","36 [18-54]","26 [13-41]","37 [19-57]","33 [16-50]","34 [17-52]","31 [15-48]","27 [14-42]","19 [9-30]","15 [7-24]","26 [13-41]"
"Viet Nam","0","2 [1-3]","6 [3-10]","6 [2-9]","9 [4-14]","7 [3-12]","16 [7-24]","29 [14-44]","34 [17-53]","41 [20-63]","36 [17-56]","45 [21-71]","47 [22-76]","37 [17-60]","53 [25-86]","92 [43-150]","79 [38-130]","115 [54-200]","197 [92-340]","271 [120-460]","380 [180-650]","421 [190-730]"
"Yemen","2 455 [1 030-4 550]","2 030 [850-3 750]","2 108 [900-3 900]","2 211 [930-4 200]","1 886 [810-3 480]","1 681 [710-3 180]","1 309 [550-2 430]","1 498 [620-2 760]","1 786 [750-3 290]","2 197 [900-4 240]","2 015 [800-4 090]","2 866 [1 080-6 460]","1 779 [630-4 930]","1 361 [490-3 570]","2 117 [730-5 340]","3 027 [970-15 100]","2 495 [800-12 100]","2 391 [780-11 600]","2 964 [890-15 200]","3 283 [1 080-15 500]","2 961 [930-14 100]","2 656 [800-12 100]"
"Zambia","8 806 [7 580-10 800]","8 846 [7 590-10 800]","8 244 [7 560-9 190]","8 107 [7 520-8 870]","8 011 [7 510-8 610]","8 104 [7 660-8 620]","8 231 [7 820-8 700]","8 385 [7 980-8 840]","7 974 [7 630-8 360]","7 458 [7 160-7 780]","7 047 [6 790-7 330]","6 675 [6 440-6 930]","6 720 [6 480-6 980]","6 688 [6 450-6 940]","6 767 [6 520-7 030]","7 118 [6 840-7 420]","7 702 [7 360-8 050]","8 759 [8 360-9 170]","10 055 [9 600-10 500]","10 981 [10 500-11 500]","12 569 [11 900-13 200]","12 485 [11 900-13 200]"
"Zimbabwe","876 [320-1 680]","2 951 [1 080-5 680]","2 003 [750-3 860]","1 624 [630-3 100]","3 424 [1 300-6 530]","1 947 [780-3 600]","2 731 [1 090-4 970]","2 798 [1 180-4 870]","2 211 [910-3 960]","1 516 [620-2 760]","1 848 [730-3 430]","2 810 [1 000-5 630]","1 955 [560-4 240]","1 763 [270-4 240]","4 326 [1 340-9 310]","2 632 [490-7 750]","2 610 [460-7 480]","2 596 [480-7 340]","2 578 [480-7 440]","2 559 [490-7 160]","2 543 [470-7 270]","2 526 [440-7 240]"
